node_id,zone_id,x_coord,y_coord,geometry
1,,120.02522,30.23800238,POINT(120.02521997851562 30.238002382812503)
2,,120.0324002,30.23911239,POINT(120.03240017382812 30.239112388671877)
3,,120.0262525,30.23816141,POINT(120.0262525078125 30.238161406249997)
4,,120.0272761,30.23831905,POINT(120.02727605859374 30.238319046875)
5,,120.0282996,30.23847669,POINT(120.028299609375 30.238476687499997)
6,,120.0293232,30.23863433,POINT(120.02932316015625 30.238634328124995)
7,,120.030345,30.238795,POINT(120.030345 30.238795)
8,,120.0313671,30.23895285,POINT(120.03136709179687 30.238952845703125)
9,,120.0405903,30.24039038,POINT(120.04059033203126 30.24039037695313)
10,,120.04161,30.240549,POINT(120.04161 30.240549)
11,,120.0334223,30.23927023,POINT(120.033422265625 30.239270234375)
12,,120.0344444,30.23942808,POINT(120.03444435742188 30.239428080078127)
13,,120.0354664,30.23958593,POINT(120.03546644921875 30.23958592578125)
14,,120.0364993,30.23974281,POINT(120.03649931249998 30.239742812500005)
15,,120.0375183,30.23990551,POINT(120.03751827343748 30.2399055078125)
16,,120.0385425,30.24007046,POINT(120.03854251953126 30.240070464843754)
17,,120.0211204,30.23736622,POINT(120.021120375 30.23736622265625)
18,,120.0395707,30.24023175,POINT(120.0395706640625 30.24023175390625)
19,,120.0221485,30.23752577,POINT(120.02214850000001 30.237525765625)
20,,120.0231766,30.23768531,POINT(120.023176625 30.23768530859375)
21,,120.0241938,30.23784315,POINT(120.02419381249999 30.237843154296876)
22,,120.0432817,30.24088128,POINT(120.043281734375 30.240881281249997)
23,,120.042272,30.24065897,POINT(120.04227196875001 30.240658968749997)
24,24,120.0442692,30.24708642,POINT(120.04426917968749 30.247086421875)
25,25,120.043965,30.247936,POINT(120.043965 30.247936)
26,,120.0441177,30.24140047,POINT(120.04411765625 30.24140046875)
27,,120.0447888,30.24209038,POINT(120.04478875 30.242090375000004)
28,,120.0452847,30.24288428,POINT(120.04528468750001 30.24288428125)
29,,120.0455636,30.24374512,POINT(120.04556359375002 30.243745124999997)
30,,120.0454768,30.24463553,POINT(120.0454768125 30.244635531250005)
31,,120.0449878,30.24542098,POINT(120.044987796875 30.245420984375002)
32,,120.044496,30.246214,POINT(120.044496 30.246214)
33,,120.0416292,30.24055219,POINT(120.0416291875 30.2405521875)
34,,120.0416389,30.24055238,POINT(120.04163887500002 30.240552375)
35,,120.048181,30.236633,POINT(120.048181 30.236633)
36,,120.0422296,30.24062855,POINT(120.042229609375 30.240628546875)
37,,120.0432624,30.24076309,POINT(120.043262359375 30.240763093750004)
38,,120.0442926,30.24071013,POINT(120.044292625 30.240710125000003)
39,,120.0451897,30.24026825,POINT(120.04518974999999 30.24026825)
40,,120.0459337,30.23963652,POINT(120.045933703125 30.239636515625)
41,,120.0465638,30.23892894,POINT(120.04656375000002 30.2389289375)
42,,120.0471308,30.23817669,POINT(120.04713075000001 30.2381766875)
43,,120.0476169,30.23737325,POINT(120.047616875 30.237373249999997)
44,,120.0347976,30.23956737,POINT(120.03479755468751 30.239567367187504)
45,,120.0337735,30.23940971,POINT(120.03377353320313 30.239409705078124)
46,,120.0327495,30.23925204,POINT(120.03274951171875 30.23925204296875)
47,,120.0317255,30.23909438,POINT(120.03172549023436 30.239094380859374)
48,,120.0307015,30.23893672,POINT(120.03070146874998 30.23893671875)
49,,120.0296774,30.23877881,POINT(120.02967736230468 30.23877881347656)
50,,120.0286548,30.23861911,POINT(120.02865480371094 30.23861910644531)
51,,120.0276253,30.23845832,POINT(120.02762533593749 30.238458320312496)
52,,120.0266028,30.23829861,POINT(120.02660277734375 30.23829861328125)
53,,120.0255802,30.23813891,POINT(120.02558021875 30.23813890625)
54,,120.0245577,30.2379792,POINT(120.02455766015623 30.23797919921875)
55,,120.0235351,30.23781949,POINT(120.0235351015625 30.237819492187498)
56,,120.0225065,30.23766012,POINT(120.022506515625 30.237660117187502)
57,,120.0214856,30.23750719,POINT(120.021485625 30.2375071875)
58,,120.042742,30.241081,POINT(120.042742 30.241081)
59,,120.0419525,30.24075972,POINT(120.041952546875 30.24075971875)
60,,120.0409478,30.24053403,POINT(120.04094775000002 30.240534031250004)
61,,120.0399285,30.24036338,POINT(120.0399285 30.240363375)
62,,120.0388993,30.24020302,POINT(120.03889931249999 30.240203015625003)
63,,120.0378763,30.24004322,POINT(120.03787631249999 30.240043218750003)
64,,120.0368544,30.23988348,POINT(120.03685435937501 30.239883476562504)
65,,120.0358318,30.23972619,POINT(120.03583175 30.239726187499997)
66,,120.0520156,30.33839989,POINT(120.05201559375001 30.338399890625)
67,,120.053047,30.338337,POINT(120.053047 30.338337)
68,,120.0499314,30.33836287,POINT(120.04993144140627 30.3383628671875)
69,,120.050971,30.33841494,POINT(120.05097103124999 30.338414937499998)
70,,120.0557,30.33829317,POINT(120.05570003124998 30.338293171875)
71,,120.0627687,30.33683474,POINT(120.06276871875001 30.336834742187502)
72,,120.0494715,30.338718,POINT(120.0494715 30.338718)
73,,120.050507,30.33867573,POINT(120.05050703124999 30.338675726562503)
74,,120.0515476,30.33860075,POINT(120.05154761718751 30.338600746093746)
75,,120.052586,30.33852562,POINT(120.05258604296874 30.338525615234374)
76,,120.0536245,30.33845048,POINT(120.05362446875 30.338450484374995)
77,,120.0567367,30.33819398,POINT(120.056736671875 30.338193984375003)
78,,120.0546629,30.33837535,POINT(120.05466289453126 30.338375353515623)
79,,120.0637134,30.33646986,POINT(120.063713359375 30.336469859375)
80,,120.064645,30.336074,POINT(120.064645 30.336074)
81,,120.0577726,30.33807414,POINT(120.05777260937501 30.338074140625)
82,,120.0587957,30.33791319,POINT(120.05879568750001 30.3379131875)
83,,120.0598102,30.33770234,POINT(120.05981019531251 30.3377023359375)
84,,120.0608084,30.33745709,POINT(120.06080844531249 30.3374570859375)
85,,120.0617992,30.33716754,POINT(120.061799203125 30.3371675390625)
86,,120.0438614,30.2478415,POINT(120.043861375 30.2478415)
87,,120.0439195,30.2467815,POINT(120.04391949999999 30.246781499999997)
88,,120.0440652,30.24589678,POINT(120.0440651875 30.245896781250003)
89,,120.0442205,30.24500377,POINT(120.04422048437499 30.245003773437496)
90,,120.0443757,30.24411647,POINT(120.04437568750001 30.24411646875)
91,,120.044441,30.2432165,POINT(120.044441 30.2432165)
92,,120.0441666,30.24235938,POINT(120.044166625 30.242359375000003)
93,,120.0435467,30.24164238,POINT(120.0435466875 30.241642375)
94,,120.042742,30.241081,POINT(120.042742 30.241081)
95,,120.0447974,30.24415128,POINT(120.04479742187499 30.244151281249998)
96,,120.0440972,30.24678286,POINT(120.04409721093751 30.246782859374996)
97,,120.0443025,30.24590198,POINT(120.0443025234375 30.245901984375003)
98,,120.0445443,30.24502966,POINT(120.0445443125 30.24502965625)
99,,120.0477166,30.23743007,POINT(120.04771659375001 30.237430070312506)
100,,120.048181,30.236633,POINT(120.048181 30.236633)
101,,120.0450665,30.24329138,POINT(120.04506649999999 30.243291375)
102,,120.04537,30.24242411,POINT(120.045369953125 30.242424109375)
103,,120.045702,30.24157209,POINT(120.04570195312499 30.241572093749998)
104,,120.0460586,30.24073139,POINT(120.0460585546875 30.240731390625)
105,,120.0464315,30.23989141,POINT(120.04643153125001 30.23989140625)
106,,120.0468314,30.23906267,POINT(120.04683140624999 30.239062671874997)
107,,120.0472622,30.2382387,POINT(120.047262234375 30.2382386953125)
108,,120.0438798,30.24781487,POINT(120.0438798125 30.247814874999996)
109,,120.0439189,30.24821988,POINT(120.043918875 30.248219875)
110,,120.0435158,30.25478944,POINT(120.04351584374999 30.2547894375)
111,,120.0435717,30.25568748,POINT(120.04357174999998 30.2556874765625)
112,,120.0436412,30.25658303,POINT(120.04364115625 30.256583031250003)
113,,120.0437517,30.2574737,POINT(120.043751703125 30.257473703125)
114,,120.0438829,30.25836964,POINT(120.04388285546874 30.258369636718754)
115,,120.044024,30.25925881,POINT(120.04402401757812 30.259258814453126)
116,,120.0441652,30.26014799,POINT(120.0441651796875 30.260147992187502)
117,,120.0443063,30.26103717,POINT(120.04430634179687 30.261037169921877)
118,,120.0444489,30.26193542,POINT(120.04444894433593 30.26193542089844)
119,,120.0533631,30.32418125,POINT(120.053363125 30.32418125)
120,,120.0438727,30.24850375,POINT(120.04387274999999 30.248503749999998)
121,,120.0445901,30.2628246,POINT(120.0445901064453 30.26282459863281)
122,,120.0447313,30.26371378,POINT(120.0447312685547 30.26371377636719)
123,,120.0448724,30.26460295,POINT(120.04487243066407 30.264602954101562)
124,,120.0450136,30.26549213,POINT(120.04501359277344 30.26549213183594)
125,,120.0451562,30.26639038,POINT(120.0451561953125 30.266390382812503)
126,,120.0452974,30.26727956,POINT(120.04529735742187 30.26727956054688)
127,,120.0454385,30.2681715,POINT(120.04543845703125 30.26817150390625)
128,,120.0455784,30.26905606,POINT(120.04557835546876 30.269056058593748)
129,,120.0457197,30.26995057,POINT(120.04571967773437 30.269950568359373)
130,,120.0458596,30.27083939,POINT(120.04585960546873 30.270839386718748)
131,,120.0437572,30.249398,POINT(120.04375717968749 30.249398)
132,,120.0534279,30.32508031,POINT(120.0534279375 30.3250803125)
133,,120.0460004,30.27173353,POINT(120.04600037109375 30.27173352734375)
134,,120.0461438,30.27261925,POINT(120.04614384375 30.272619250000005)
135,,120.0462942,30.27351677,POINT(120.04629424218749 30.273516765624997)
136,,120.0464365,30.27440737,POINT(120.04643650390624 30.2744073671875)
137,,120.0465788,30.27529797,POINT(120.04657876562499 30.27529796875)
138,,120.0467183,30.27618441,POINT(120.04671829296873 30.27618441015625)
139,,120.0468563,30.27707802,POINT(120.046856296875 30.277078015624998)
140,,120.0469943,30.27797162,POINT(120.04699430078125 30.277971621093748)
141,141,120.0471372,30.27885677,POINT(120.047137171875 30.278856765624997)
142,,120.0436489,30.250298,POINT(120.0436488984375 30.250298)
143,,120.0472871,30.27975166,POINT(120.047287125 30.27975165625)
144,,120.0535373,30.32596606,POINT(120.05353725 30.3259660625)
145,,120.047436,30.28064016,POINT(120.04743595312499 30.28064016015625)
146,,120.0476061,30.28152331,POINT(120.0476060625 30.2815233125)
147,,120.0477941,30.2824071,POINT(120.047794078125 30.282407101562498)
148,,120.0480284,30.28328987,POINT(120.048028359375 30.2832898671875)
149,,120.04829,30.28415797,POINT(120.04829001953127 30.284157968749998)
150,,120.0485699,30.28502542,POINT(120.04856993750002 30.285025421874998)
151,,120.0488756,30.28588203,POINT(120.04887562500002 30.285882031249997)
152,,120.0492026,30.28673647,POINT(120.04920259374998 30.28673646875)
153,,120.0435727,30.25119102,POINT(120.043572703125 30.251191015625004)
154,,120.0495466,30.2875853,POINT(120.049546609375 30.287585296875)
155,,120.0499307,30.2884216,POINT(120.04993072656251 30.288421601562497)
156,,120.0536929,30.32685978,POINT(120.05369294531249 30.32685978125)
157,,120.0503253,30.28925413,POINT(120.05032531250001 30.289254125)
158,,120.0507586,30.29007334,POINT(120.050758578125 30.29007334375)
159,,120.0511968,30.29088836,POINT(120.05119679687499 30.290888359374996)
160,,120.0516632,30.29168717,POINT(120.05166323437498 30.291687171874997)
161,,120.0521616,30.29247922,POINT(120.052161578125 30.29247922265625)
162,,120.0526776,30.29326053,POINT(120.052677625 30.29326053125)
163,,120.0531945,30.29404225,POINT(120.05319453124999 30.29404225)
164,,120.043518,30.25209059,POINT(120.043518 30.25209059375)
165,,120.0537195,30.294818,POINT(120.0537195 30.294818)
166,,120.054248,30.29559157,POINT(120.0542479765625 30.295591570312496)
167,,120.0547765,30.29636975,POINT(120.05477651562501 30.29636975)
168,,120.0538878,30.32774038,POINT(120.05388784375 30.327740375)
169,,120.055297,30.29714625,POINT(120.05529703124999 30.29714625)
170,,120.0558179,30.29792281,POINT(120.0558178828125 30.297922812499998)
171,,120.0563406,30.29870263,POINT(120.0563405625 30.298702625)
172,,120.0567891,30.29951573,POINT(120.056789125 30.299515734375)
173,,120.0571611,30.30035333,POINT(120.05716109375001 30.300353328125002)
174,,120.0574334,30.30121897,POINT(120.057433390625 30.301218968749996)
175,,120.0434902,30.25299075,POINT(120.04349024999999 30.252990750000002)
176,,120.0576124,30.30210841,POINT(120.0576123671875 30.302108414062502)
177,177,120.057716,30.30300138,POINT(120.057716 30.303001375)
178,178,120.0577047,30.3038975,POINT(120.0577046875 30.3038975)
179,,120.0576128,30.30480048,POINT(120.05761279687499 30.304800484374997)
180,,120.0541233,30.32861944,POINT(120.054123328125 30.3286194375)
181,,120.0574312,30.30568161,POINT(120.0574312265625 30.305681613281248)
182,,120.0571981,30.30655957,POINT(120.057198140625 30.3065595703125)
183,,120.0569658,30.30743277,POINT(120.0569658046875 30.307432765625)
184,,120.0567239,30.30830847,POINT(120.056723890625 30.30830846875)
185,,120.056482,30.30918417,POINT(120.0564819765625 30.309184171875)
186,,120.053339,30.3232765,POINT(120.053339 30.3232765)
187,,120.0562321,30.31006113,POINT(120.0562320859375 30.310061132812496)
188,,120.0559836,30.3109287,POINT(120.055983578125 30.310928703125)
189,,120.0557475,30.31180575,POINT(120.0557474609375 30.31180575390625)
190,,120.0555111,30.31267939,POINT(120.0555110546875 30.312679394531244)
191,,120.0552729,30.31355946,POINT(120.05527291015626 30.31355945898438)
192,,120.0544038,30.32948819,POINT(120.05440378124999 30.329488187499997)
193,,120.0550365,30.3144331,POINT(120.05503650390625 30.314433099609374)
194,,120.0548064,30.31531461,POINT(120.0548064140625 30.315314609375)
195,,120.0545726,30.31618314,POINT(120.05457259375001 30.316183140625)
196,,120.0543163,30.31706302,POINT(120.054316265625 30.3170630234375)
197,,120.0434859,30.25388359,POINT(120.043485859375 30.25388359375)
198,,120.054081,30.31793478,POINT(120.05408104687501 30.31793478125)
199,,120.0538605,30.31881644,POINT(120.05386046875 30.3188164375)
200,,120.0536716,30.31970134,POINT(120.05367162499999 30.319701343749998)
201,,120.053524,30.32059108,POINT(120.05352396875 30.320591078125)
202,,120.0534264,30.32148357,POINT(120.0534263515625 30.3214835703125)
203,,120.0533598,30.32238,POINT(120.05335975 30.32238)
204,,120.0547183,30.33034205,POINT(120.054718265625 30.3303420546875)
205,,120.055091,30.331176,POINT(120.055091 30.331176)
206,,120.0591859,30.20702277,POINT(120.05918593749999 30.207022765625)
207,,120.0578039,30.19903307,POINT(120.05780391796874 30.199033068359373)
208,,120.0509655,30.23261025,POINT(120.0509655 30.23261025)
209,,120.0515164,30.23185116,POINT(120.051516421875 30.231851164062498)
210,,120.0947444,30.14078623,POINT(120.09474440625 30.140786234375)
211,,120.0520854,30.23109691,POINT(120.05208542968751 30.231096906249995)
212,,120.0526627,30.23034418,POINT(120.05266266015624 30.230344175781248)
213,,120.0532219,30.22958974,POINT(120.0532218984375 30.2295897421875)
214,,120.0537811,30.22883531,POINT(120.05378113671875 30.22883530859375)
215,,120.0543482,30.22807186,POINT(120.054348171875 30.22807186328125)
216,,120.0549114,30.22731641,POINT(120.054911375 30.22731640625)
217,,120.0554746,30.22656095,POINT(120.055474578125 30.22656094921875)
218,,120.0978251,30.13837775,POINT(120.097825125 30.13837775)
219,,120.056039,30.22580454,POINT(120.05603896484375 30.225804542968746)
220,,120.0566012,30.22505172,POINT(120.05660120898438 30.225051716796877)
221,,120.0571635,30.22429889,POINT(120.057163453125 30.224298890625)
222,,120.0954643,30.14013887,POINT(120.0954643046875 30.140138867187503)
223,,120.0577297,30.22354065,POINT(120.05772974218749 30.2235406484375)
224,,120.0582891,30.22278338,POINT(120.05828905468749 30.222783375)
225,,120.0588544,30.22202437,POINT(120.0588544453125 30.222024367187498)
226,,120.0594176,30.22126624,POINT(120.05941757031249 30.2212662421875)
227,,120.0599754,30.2205153,POINT(120.059975375 30.220515304687503)
228,,120.0605352,30.21975728,POINT(120.06053524999999 30.219757281250004)
229,,120.0576946,30.19813779,POINT(120.05769455664063 30.19813778613281)
230,,120.0610423,30.2189715,POINT(120.06104225 30.2189715)
231,,120.0614779,30.21814878,POINT(120.06147787500001 30.21814878125)
232,,120.061807,30.21730306,POINT(120.06180700000002 30.217303062499997)
233,,120.0620421,30.21642508,POINT(120.0620421328125 30.216425078125003)
234,,120.0962258,30.13952731,POINT(120.096225828125 30.1395273125)
235,,120.0621524,30.21552638,POINT(120.06215237500001 30.215526375)
236,,120.0621781,30.21463056,POINT(120.06217812500002 30.214630562500002)
237,,120.0620911,30.21373394,POINT(120.062091125 30.213733937500002)
238,,120.0619082,30.21285531,POINT(120.06190824999999 30.2128553125)
239,,120.0616299,30.21198275,POINT(120.061629875 30.211982749999997)
240,,120.0575852,30.1972425,POINT(120.0575851953125 30.197242503906253)
241,,120.0612488,30.21115073,POINT(120.0612487890625 30.211150726562504)
242,,120.0608257,30.21032617,POINT(120.060825671875 30.210326171875003)
243,,120.0604015,30.20950553,POINT(120.06040153125 30.209505531250002)
244,,120.0599789,30.20868316,POINT(120.0599789140625 30.208683156250004)
245,,120.0595689,30.20786164,POINT(120.0595689296875 30.207861640625)
246,,120.0970082,30.13893706,POINT(120.0970081953125 30.1389370625)
247,,120.0574767,30.19635395,POINT(120.05747665625 30.196353953125)
248,,120.0573665,30.19545194,POINT(120.05736647265624 30.195451939453125)
249,,120.0572579,30.19456339,POINT(120.05725793359375 30.194563388671877)
250,,120.0571653,30.19366964,POINT(120.05716534375 30.193669640625004)
251,,120.0571078,30.19276766,POINT(120.0571078359375 30.19276765625)
252,,120.057089,30.1918725,POINT(120.05708899999999 30.1918725)
253,,120.0588971,30.20615359,POINT(120.05889712499999 30.206153593750003)
254,254,120.057119,30.19097094,POINT(120.057119 30.1909709375)
255,,120.057218,30.190073,POINT(120.057218 30.190072999999998)
256,,120.0986509,30.1378393,POINT(120.09865092187499 30.137839296875)
257,,120.0573729,30.18918597,POINT(120.05737285937501 30.18918596875)
258,,120.0575558,30.18830009,POINT(120.05755584375001 30.188300093749998)
259,,120.0578065,30.18742648,POINT(120.0578065390625 30.187426476562496)
260,,120.0580995,30.18656345,POINT(120.058099546875 30.186563445312494)
261,,120.0584318,30.18571494,POINT(120.05843175000001 30.185714937500002)
262,,120.0588249,30.18487941,POINT(120.05882492187499 30.18487940625)
263,,120.0592598,30.18406819,POINT(120.05925975 30.1840681875)
264,,120.0586565,30.20527884,POINT(120.05865653125 30.205278843749998)
265,,120.059743,30.18327205,POINT(120.05974296875002 30.183272046875)
266,,120.0602721,30.18249866,POINT(120.06027209375 30.18249865625)
267,,120.0608494,30.18175002,POINT(120.060849375 30.181750015625)
268,,120.099502,30.13731763,POINT(120.099501984375 30.1373176328125)
269,,120.0614578,30.18102234,POINT(120.06145778125001 30.181022343749998)
270,,120.0621138,30.18032364,POINT(120.06211375000001 30.180323640624998)
271,,120.0627845,30.17962806,POINT(120.06278454687501 30.1796280625)
272,,120.0634604,30.17894697,POINT(120.06346035546875 30.178946968749997)
273,,120.0641385,30.17826652,POINT(120.06413850976563 30.178266515624998)
274,,120.0648167,30.17758606,POINT(120.0648166640625 30.177586062499998)
275,,120.0584842,30.20439625,POINT(120.05848421875001 30.20439625)
276,,120.0654948,30.17690561,POINT(120.06549481835938 30.176905609374998)
277,,120.066173,30.17622516,POINT(120.06617297265623 30.17622515625)
278,,120.0668416,30.17553239,POINT(120.0668415625 30.175532390625)
279,,120.0675199,30.17485423,POINT(120.06751990625 30.174854234374997)
280,,120.1003703,30.13682408,POINT(120.10037034375 30.136824078125002)
281,,120.0682069,30.17417106,POINT(120.068206875 30.174171062499997)
282,,120.0688844,30.17349663,POINT(120.0688844375 30.173496625000002)
283,,120.0695656,30.17281429,POINT(120.06956555859375 30.17281429296875)
284,,120.0702527,30.17213244,POINT(120.0702526875 30.1721324375)
285,,120.0709277,30.17145041,POINT(120.07092771484375 30.171450410156254)
286,,120.0583494,30.2035005,POINT(120.0583494375 30.203500500000004)
287,,120.0716011,30.17076316,POINT(120.0716010859375 30.1707631640625)
288,,120.0722684,30.17008211,POINT(120.072268390625 30.170082109374995)
289,,120.0729418,30.16939486,POINT(120.07294176171874 30.169394863281248)
290,,120.0736156,30.16870767,POINT(120.073615609375 30.168707671874998)
291,,120.0742979,30.16802955,POINT(120.07429790625 30.168029546874997)
292,,120.1012443,30.13634044,POINT(120.10124428125 30.136340437499996)
293,,120.0749755,30.16734951,POINT(120.07497548437499 30.167349507812503)
294,,120.0756597,30.16666705,POINT(120.07565970312501 30.166667046875)
295,,120.0763558,30.16600264,POINT(120.07635584375001 30.166002640625003)
296,,120.0770862,30.16535455,POINT(120.07708620312502 30.165354546875)
297,,120.0582374,30.20261177,POINT(120.05823742968751 30.202611765625)
298,,120.0778413,30.16474375,POINT(120.07784134375001 30.16474375)
299,,120.0786342,30.16415819,POINT(120.07863418750001 30.1641581875)
300,,120.0794425,30.16360152,POINT(120.0794425234375 30.163601523437503)
301,,120.0802746,30.1630606,POINT(120.08027462500002 30.163060601562503)
302,,120.0811107,30.16251578,POINT(120.08111070312499 30.16251578125)
303,,120.0819393,30.16197241,POINT(120.08193926562501 30.161972406249998)
304,,120.1021306,30.13586435,POINT(120.10213060156252 30.135864351562496)
305,,120.08276,30.161424,POINT(120.08276 30.161424)
306,,120.0835346,30.16082241,POINT(120.0835345625 30.160822406250002)
307,,120.0842521,30.16017303,POINT(120.084252125 30.160173031250004)
308,,120.058131,30.20171784,POINT(120.05813095312499 30.201717843750004)
309,,120.08485,30.15943716,POINT(120.08485003125 30.15943715625)
310,,120.0853265,30.15864242,POINT(120.08532651562501 30.158642421874998)
311,,120.0857246,30.15780947,POINT(120.08572462499998 30.157809468750003)
312,,120.0860501,30.15695527,POINT(120.08605005468749 30.156955265625)
313,,120.086404,30.15611288,POINT(120.086404 30.156112875)
314,,120.0867565,30.15526027,POINT(120.0867565 30.155260265625003)
315,,120.0871053,30.15441673,POINT(120.08710525000001 30.154416726562502)
316,,120.1030293,30.13541292,POINT(120.10302931250001 30.135412921875)
317,,120.087451,30.15356563,POINT(120.08745097265626 30.15356562890625)
318,,120.0877859,30.15272153,POINT(120.08778593359374 30.15272152734375)
319,,120.0580226,30.20082363,POINT(120.05802264062498 30.200823632812494)
320,,120.0881243,30.15186881,POINT(120.0881243125 30.1518688125)
321,,120.0884555,30.15101941,POINT(120.0884554765625 30.15101940625)
322,,120.0887997,30.15016863,POINT(120.08879965625 30.150168625)
323,323,120.0891411,30.14931507,POINT(120.0891410625 30.149315070312497)
324,324,120.0894854,30.14847045,POINT(120.089485421875 30.148470453125)
325,,120.089848,30.14762784,POINT(120.08984796875001 30.14762784375)
326,,120.0902425,30.14679408,POINT(120.090242546875 30.146794078124998)
327,,120.0906661,30.14597169,POINT(120.0906660625 30.1459716875)
328,,120.1039403,30.13497319,POINT(120.10394025 30.1349731875)
329,,120.0911358,30.145172,POINT(120.09113578125002 30.145172000000002)
330,,120.0579133,30.19992835,POINT(120.05791327929687 30.199928350585935)
331,,120.0916362,30.14438694,POINT(120.09163621874998 30.144386937500002)
332,,120.0921836,30.14361875,POINT(120.092183578125 30.14361875)
333,,120.0927695,30.14287122,POINT(120.09276951562501 30.14287121875)
334,,120.0933896,30.14215263,POINT(120.09338956250001 30.142152625)
335,,120.0940439,30.14145606,POINT(120.0940439375 30.1414560625)
336,,120.0483261,30.23639802,POINT(120.04832612499999 30.236398015625)
337,,120.0487869,30.23567119,POINT(120.04878690625 30.2356711875)
338,,120.0493061,30.23489325,POINT(120.0493060625 30.23489325)
339,,120.0498491,30.23412844,POINT(120.04984909375 30.234128437499997)
340,,120.0504013,30.23337034,POINT(120.05040134375 30.23337034375)
341,,120.048349,30.23712738,POINT(120.04834903125001 30.237127375000004)
342,,120.049183,30.23548052,POINT(120.04918295312498 30.235480523437502)
343,,120.0487174,30.23628617,POINT(120.04871743750002 30.236286171875)
344,,120.0436871,30.24145331,POINT(120.04368712500002 30.2414533125)
345,,120.042742,30.241081,POINT(120.042742 30.241081)
346,,120.0480923,30.23799747,POINT(120.048092265625 30.237997468749995)
347,,120.0478472,30.23887063,POINT(120.04784715625 30.238870625)
348,,120.0476971,30.23975725,POINT(120.04769706249999 30.23975725)
349,,120.047366,30.24060497,POINT(120.04736603125 30.24060496875)
350,,120.0466742,30.24127091,POINT(120.04667415625 30.24127090625)
351,,120.0457244,30.24163125,POINT(120.04572437499999 30.24163125)
352,,120.0446959,30.24165533,POINT(120.044695875 30.241655328125)
353,,120.049701,30.23451175,POINT(120.049701 30.23451175)
354,,120.0464005,30.24014434,POINT(120.04640053124999 30.240144343750003)
355,,120.0491332,30.23529362,POINT(120.04913324218751 30.235293624999997)
356,,120.048621,30.23608193,POINT(120.04862104687501 30.2360819296875)
357,,120.0481295,30.23687141,POINT(120.0481295078125 30.236871406250003)
358,,120.0476627,30.2376784,POINT(120.04766266406251 30.237678398437502)
359,,120.047221,30.238485,POINT(120.04722100000001 30.238485)
360,,120.0467948,30.23931046,POINT(120.046794796875 30.2393104609375)
361,,120.0441408,30.247055,POINT(120.04414075 30.247055000000003)
362,,120.043965,30.247936,POINT(120.043965 30.247936)
363,,120.04604,30.24098588,POINT(120.04603999999999 30.240985875)
364,,120.0456907,30.24182813,POINT(120.04569065625 30.241828125)
365,,120.045372,30.2426902,POINT(120.04537197656249 30.242690195312502)
366,,120.045077,30.24355338,POINT(120.045077015625 30.243553382812497)
367,,120.0447985,30.24441734,POINT(120.04479849999998 30.244417343749998)
368,,120.0445684,30.24529061,POINT(120.0445684375 30.245290609374997)
369,,120.0443416,30.24616831,POINT(120.0443415625 30.2461683125)
370,,120.0496723,30.23453875,POINT(120.049672328125 30.23453875)
371,,120.0530564,30.33833375,POINT(120.05305637500001 30.338333749999997)
372,,120.0543105,30.33814334,POINT(120.054310546875 30.338143343749998)
373,,120.0552899,30.33784269,POINT(120.0552899375 30.3378426875)
374,,120.0561941,30.33739747,POINT(120.0561940625 30.337397468749998)
375,,120.0568727,30.33673038,POINT(120.05687271874999 30.336730375000002)
376,,120.0571035,30.33585922,POINT(120.05710353125 30.335859218750002)
377,,120.056866,30.33499,POINT(120.056866 30.33499)
378,,120.0564705,30.33416141,POINT(120.05647053125 30.334161406249997)
379,379,120.056078,30.333338,POINT(120.056078 30.333338)
380,,120.0548467,30.33821362,POINT(120.0548467265625 30.33821362109375)
381,,120.0538081,30.33829251,POINT(120.0538080703125 30.338292511718755)
382,,120.0588293,30.33809105,POINT(120.058829296875 30.338091054687503)
383,,120.059103,30.338944,POINT(120.059103 30.338944)
384,,120.0558854,30.33813473,POINT(120.0558853828125 30.338134730468752)
385,,120.0569213,30.33803476,POINT(120.05692133593749 30.3380347578125)
386,,120.0579515,30.33790202,POINT(120.0579515 30.337902015624998)
387,,120.058976,30.33773633,POINT(120.05897604687499 30.337736328125004)
388,,120.059774,30.337238,POINT(120.059774 30.337238)
389,,120.0592106,30.33662256,POINT(120.0592105625 30.336622562500004)
390,,120.058594,30.33722187,POINT(120.058594 30.337221874999997)
391,,120.053047,30.338337,POINT(120.053047 30.338337)
392,,120.05412,30.33911,POINT(120.05412 30.33911)
393,,120.0532298,30.33898772,POINT(120.053229765625 30.33898771875)
394,,120.0521948,30.33889447,POINT(120.05219478125001 30.33889446875)
395,,120.0511608,30.33894016,POINT(120.0511608125 30.338940156249997)
396,,120.0501249,30.33901927,POINT(120.05012492187501 30.3390192734375)
397,,120.0550995,30.33118722,POINT(120.05509953125001 30.33118721875)
398,,120.0553866,30.33157175,POINT(120.05538664062499 30.33157175)
399,,120.0558802,30.33236273,POINT(120.05588018750001 30.332362734375)
400,,120.0564966,30.33309047,POINT(120.056496625 30.33309046875)
401,,120.0572263,30.33372688,POINT(120.0572263125 30.333726875000004)
402,,120.057773,30.33448,POINT(120.057773 30.33448)
403,,120.0551091,30.33121222,POINT(120.05510909375 30.33121221875)
404,,120.059103,30.338944,POINT(120.059103 30.338944)
405,,120.055697,30.33238515,POINT(120.05569701562501 30.332385148437503)
406,,120.056137,30.33320185,POINT(120.056136984375 30.3332018515625)
407,,120.0565897,30.33400986,POINT(120.05658968359376 30.334009855468754)
408,,120.0570605,30.33481601,POINT(120.0570604765625 30.3348160078125)
409,,120.0575093,30.33562578,POINT(120.05750925000001 30.335625781250002)
410,,120.0579354,30.33644566,POINT(120.05793539062499 30.33644565625)
411,,120.0583406,30.33727553,POINT(120.0583406171875 30.33727553125)
412,,120.0587352,30.33811216,POINT(120.05873517187501 30.33811215625)
413,413,120.0559256,30.33304458,POINT(120.05592562499999 30.333044578125005)
414,,120.0434864,30.25594097,POINT(120.04348640625 30.255940968750004)
415,,120.0533558,30.32533731,POINT(120.05335578125 30.3253373125)
416,,120.0532705,30.32444081,POINT(120.05327053125 30.324440812499997)
417,,120.0532334,30.3235451,POINT(120.0532333828125 30.3235451015625)
418,,120.0532535,30.32264627,POINT(120.05325349218751 30.3226462734375)
419,,120.0532965,30.321748,POINT(120.0532965 30.321748)
420,,120.0533884,30.32084953,POINT(120.05338842187501 30.320849531249998)
421,,120.0535336,30.31995623,POINT(120.05353359374999 30.3199562265625)
422,,120.0537278,30.31907656,POINT(120.05372775000001 30.3190765625)
423,,120.0539237,30.31818883,POINT(120.0539236875 30.318188828125002)
424,,120.0554986,30.33225905,POINT(120.05549862500001 30.332259046875002)
425,,120.0541475,30.31731559,POINT(120.05414753125001 30.317315593750003)
426,,120.0434293,30.25504571,POINT(120.043429328125 30.255045710937498)
427,,120.0543831,30.3164353,POINT(120.05438310156251 30.316435304687502)
428,,120.054617,30.31556139,POINT(120.05461696484375 30.31556139453125)
429,,120.054853,30.31468431,POINT(120.054853046875 30.314684312500003)
430,,120.0551184,30.31381553,POINT(120.055118375 30.31381553125)
431,,120.0553569,30.31293871,POINT(120.05535691406249 30.312938710937498)
432,,120.055593,30.31206223,POINT(120.05559301562499 30.312062234375)
433,,120.0558288,30.31118512,POINT(120.0558288125 30.311185124999998)
434,,120.0560599,30.31031091,POINT(120.05605987890625 30.3103109140625)
435,,120.0550907,30.33143398,POINT(120.0550906875 30.331433976562497)
436,,120.0562954,30.30943908,POINT(120.05629535937499 30.309439078125003)
437,,120.0565391,30.30856611,POINT(120.05653912109375 30.308566113281252)
438,,120.0433981,30.25414919,POINT(120.04339814062502 30.254149187499994)
439,,120.0567855,30.30768376,POINT(120.05678550390624 30.30768376171875)
440,,120.0570302,30.30681094,POINT(120.05703015625 30.3068109375)
441,,120.0572586,30.30593531,POINT(120.0572586171875 30.3059353125)
442,,120.0574688,30.30505288,POINT(120.05746879687501 30.305052875)
443,,120.057582,30.3041592,POINT(120.057582 30.304159203124996)
444,,120.05761,30.30326287,POINT(120.05761000000001 30.303262874999998)
445,,120.05756,30.30236387,POINT(120.05756 30.302363874999998)
446,,120.0547279,30.33058768,POINT(120.054727890625 30.330587679687504)
447,,120.0573906,30.30148444,POINT(120.05739056249999 30.3014844375)
448,,120.0571271,30.30061356,POINT(120.0571270625 30.3006135625)
449,,120.056788,30.29976581,POINT(120.05678796875 30.299765812500002)
450,,120.0433918,30.25324522,POINT(120.04339175000001 30.25324521875)
451,,120.056345,30.29894563,POINT(120.056345 30.298945625)
452,,120.05585,30.29815686,POINT(120.05585003125 30.298156859375002)
453,,120.0553309,30.29738049,POINT(120.055330890625 30.2973804921875)
454,,120.0548093,30.29660319,POINT(120.0548093125 30.2966031875)
455,,120.0542809,30.29582194,POINT(120.05428087499999 30.2958219375)
456,,120.0537547,30.29504859,POINT(120.0537546796875 30.295048589843752)
457,,120.0544131,30.3297307,POINT(120.05441306640625 30.329730703124998)
458,,120.053232,30.294271,POINT(120.053232 30.294271000000002)
459,,120.052709,30.29349289,POINT(120.05270899609376 30.293492890625)
460,,120.0521866,30.29271437,POINT(120.0521865859375 30.2927143671875)
461,,120.0516933,30.29192248,POINT(120.05169327343751 30.29192248046875)
462,,120.0434017,30.25234647,POINT(120.04340174999999 30.25234646875)
463,,120.0512134,30.29111926,POINT(120.05121339062501 30.2911192578125)
464,,120.0507615,30.29031217,POINT(120.0507615390625 30.290312171875)
465,,120.0503222,30.28950356,POINT(120.05032221875001 30.289503562500002)
466,,120.0499363,30.28866725,POINT(120.049936328125 30.288667249999996)
467,,120.0495584,30.28782631,POINT(120.04955836328126 30.287826312500002)
468,,120.0541221,30.32886565,POINT(120.054122078125 30.328865648437503)
469,,120.0491931,30.28698333,POINT(120.04919314062501 30.286983328125004)
470,,120.0488578,30.2861341,POINT(120.04885782812501 30.2861341015625)
471,,120.0485457,30.28527237,POINT(120.0485456875 30.285272374999998)
472,,120.0482672,30.2844096,POINT(120.04826717968749 30.284409601562498)
473,,120.0480064,30.28353281,POINT(120.04800643749999 30.2835328125)
474,,120.0434478,30.2514481,POINT(120.0434478203125 30.251448101562502)
475,,120.0477723,30.28266277,POINT(120.047772296875 30.2826627734375)
476,,120.0475675,30.28177971,POINT(120.04756749218748 30.281779707031248)
477,,120.0473796,30.28089881,POINT(120.04737962499999 30.2808988125)
478,478,120.0472208,30.28001065,POINT(120.04722078906251 30.2800106484375)
479,,120.0538705,30.32799768,POINT(120.053870515625 30.3279976796875)
480,,120.0470773,30.27911519,POINT(120.0470773125 30.279115187500004)
481,,120.046938,30.27822469,POINT(120.04693800000001 30.2782246875)
482,,120.0467908,30.2773327,POINT(120.04679082031248 30.27733269921875)
483,,120.046642,30.27644312,POINT(120.04664195312499 30.276443117187505)
484,,120.0464948,30.27555341,POINT(120.04649481640624 30.275553406250005)
485,,120.0463519,30.27466241,POINT(120.04635194140624 30.274662406250002)
486,,120.0435208,30.25054938,POINT(120.04352078125001 30.250549375)
487,,120.0462091,30.27377141,POINT(120.04620906640625 30.27377140625)
488,,120.0460793,30.27288125,POINT(120.04607932812499 30.272881249999998)
489,,120.0459444,30.2719881,POINT(120.04594435937499 30.271988101562503)
490,,120.0536555,30.32711375,POINT(120.05365549999999 30.327113750000002)
491,,120.0458033,30.27110172,POINT(120.0458033125 30.27110171875)
492,,120.0456615,30.27021033,POINT(120.04566146874998 30.270210328124996)
493,,120.0455187,30.26931267,POINT(120.04551868749999 30.269312671875003)
494,,120.0453779,30.26842748,POINT(120.04537790625 30.2684274765625)
495,,120.0452355,30.26753187,POINT(120.04523546875001 30.2675318671875)
496,,120.0450871,30.26664302,POINT(120.04508710546874 30.2666430234375)
497,,120.0449456,30.265754,POINT(120.0449455625 30.265754)
498,,120.0436183,30.24965711,POINT(120.04361826953127 30.249657109374997)
499,,120.044817,30.26486104,POINT(120.04481702148438 30.264861044921872)
500,,120.0446737,30.26396728,POINT(120.04467374414062 30.26396728320313)
501,,120.053475,30.3262288,POINT(120.05347499999999 30.326228796875004)
502,,120.0445313,30.26307872,POINT(120.04453129980467 30.26307871777344)
503,,120.0443889,30.26219015,POINT(120.04438885546875 30.26219015234375)
504,,120.0442456,30.26129639,POINT(120.04424557812499 30.261296390625)
505,,120.0441023,30.26040263,POINT(120.04410230078125 30.26040262890625)
506,,120.0439701,30.25951803,POINT(120.04397012499999 30.259518031249996)
507,,120.0438274,30.25862352,POINT(120.0438274375 30.258623515625004)
508,,120.0436759,30.25773816,POINT(120.04367590625 30.25773815625)
509,,120.043565,30.25684222,POINT(120.04356504687502 30.25684221875)
510,,120.0437391,30.24876059,POINT(120.04373909375 30.24876059375)
511,,120.043868,30.247877,POINT(120.043868 30.247877)
512,,120.057777,30.33449375,POINT(120.057777 30.33449375)
513,,120.0578425,30.33536334,POINT(120.05784246875001 30.335363343749997)
514,,120.0575546,30.33621961,POINT(120.0575545859375 30.336219609375)
515,,120.0571529,30.33704586,POINT(120.0571529375 30.337045859375003)
516,,120.0566477,30.33783378,POINT(120.05664771874999 30.337833781249998)
517,,120.0560228,30.33855125,POINT(120.0560228125 30.338551250000002)
518,,120.0551442,30.33901338,POINT(120.05514418749999 30.339013375)
519,,120.05412,30.33911,POINT(120.05412 30.33911)
520,,120.0577753,30.33448503,POINT(120.05777534375 30.334485031249997)
521,,120.0580496,30.33507369,POINT(120.0580495625 30.335073687500003)
522,,120.0586863,30.3357735,POINT(120.05868625000001 30.335773500000002)
523,,120.0595929,30.33622581,POINT(120.059592875 30.336225812499997)
524,,120.060579,30.336476,POINT(120.060579 30.336476)
525,,120.0579243,30.33663456,POINT(120.05792425000001 30.3366345625)
526,,120.0574578,30.335749,POINT(120.05745775 30.335749)
527,,120.0570124,30.33493859,POINT(120.05701242187499 30.33493859375)
528,,120.0565463,30.33413547,POINT(120.0565463359375 30.33413546875)
529,,120.056078,30.333338,POINT(120.056078 30.333338)
530,,120.0585401,30.34038212,POINT(120.05854009375 30.340382124999998)
531,,120.058082,30.34017738,POINT(120.05808203125 30.340177375000003)
532,,120.0571331,30.33981269,POINT(120.05713309375 30.3398126875)
533,,120.0561417,30.33953467,POINT(120.05614165624999 30.339534671875)
534,,120.0551225,30.3393348,POINT(120.055122484375 30.339334796875)
535,,120.05412,30.33911,POINT(120.05412 30.33911)
536,,120.058543,30.34038095,POINT(120.058542953125 30.340380953125)
537,,120.0577726,30.33974188,POINT(120.05777262499998 30.339741875)
538,,120.0573273,30.33893084,POINT(120.05732728125 30.33893084375)
539,,120.0573179,30.33804069,POINT(120.057317875 30.3380406875)
540,,120.0577555,30.33723891,POINT(120.05775553125 30.33723890625)
541,,120.058559,30.33668375,POINT(120.058559 30.33668375)
542,,120.0595689,30.33648306,POINT(120.059568875 30.3364830625)
543,,120.060579,30.336476,POINT(120.060579 30.336476)
544,,120.0591075,30.3389551,POINT(120.05910748437499 30.338955101562505)
545,,120.059325,30.33949353,POINT(120.0593249765625 30.339493527343752)
546,,120.059668,30.3403428,POINT(120.05966803125 30.340342796875)
547,,120.0599782,30.3411968,POINT(120.05997821874999 30.341196796874996)
548,,120.060289,30.342055,POINT(120.060289 30.342055)
549,,120.0619222,30.34859593,POINT(120.06192215624998 30.34859593359375)
550,,120.0621203,30.34947216,POINT(120.06212031249999 30.34947215625)
551,,120.0603104,30.34212375,POINT(120.0603104375 30.34212375)
552,,120.0606788,30.3433073,POINT(120.06067882812499 30.343307296875004)
553,,120.0609468,30.34417877,POINT(120.06094678906248 30.3441787734375)
554,,120.0611539,30.3450565,POINT(120.0611539375 30.345056500000002)
555,,120.0613518,30.34594221,POINT(120.06135182812501 30.3459422109375)
556,,120.0615333,30.34682346,POINT(120.06153332812501 30.3468234609375)
557,,120.0617274,30.34770916,POINT(120.0617274375 30.3477091640625)
558,,120.0605934,30.336479,POINT(120.060593375 30.336479000000004)
559,,120.061035,30.336567,POINT(120.061035 30.336567)
560,,120.060831,30.34425825,POINT(120.06083100000001 30.34425825)
561,,120.057934,30.336653,POINT(120.057934 30.336653)
562,,120.0606038,30.343458,POINT(120.06060375 30.343458000000002)
563,,120.0603371,30.34258544,POINT(120.0603370625 30.3425854375)
564,,120.0600519,30.34172455,POINT(120.06005192187499 30.341724546875)
565,,120.059749,30.34086227,POINT(120.0597489609375 30.3408622734375)
566,,120.0594109,30.34000613,POINT(120.05941090625001 30.340006132812505)
567,,120.059068,30.33915896,POINT(120.05906796875001 30.339158960937503)
568,,120.0587107,30.33831569,POINT(120.05871073437501 30.3383156875)
569,,120.0583353,30.33748222,POINT(120.058335328125 30.337482218749997)
570,,120.060829,30.3442785,POINT(120.060829 30.3442785)
571,,120.0604532,30.34346774,POINT(120.06045318359375 30.34346773828125)
572,,120.0601411,30.34260901,POINT(120.06014106640626 30.342609011718753)
573,,120.059804,30.3417589,POINT(120.0598039609375 30.341758898437504)
574,,120.0593334,30.34096263,POINT(120.059333375 30.340962625)
575,,120.058551,30.340387,POINT(120.058551 30.340387)
576,,120.061035,30.336567,POINT(120.061035 30.336567)
577,,120.0616621,30.33670838,POINT(120.06166212500001 30.336708375)
578,,120.0626952,30.33667681,POINT(120.06269515625 30.336676812500002)
579,,120.0636693,30.33637484,POINT(120.06366925 30.33637484375)
580,,120.064645,30.336074,POINT(120.064645 30.336074)
581,,120.0610472,30.33768509,POINT(120.06104715625 30.337685093749997)
582,,120.0598228,30.33797175,POINT(120.05982275 30.33797175)
583,,120.0588052,30.33817163,POINT(120.05880524999999 30.338171625)
584,,120.0578002,30.33840534,POINT(120.05780015625001 30.338405343749997)
585,,120.057618,30.33917719,POINT(120.05761799999999 30.3391771875)
586,,120.0585278,30.33920038,POINT(120.05852775 30.339200375)
587,,120.058587,30.33834544,POINT(120.05858696875 30.338345437499996)
588,,120.0582493,30.33749831,POINT(120.05824928125 30.337498312500003)
589,,120.057934,30.336653,POINT(120.057934 30.336653)
590,,120.0610369,30.33769406,POINT(120.06103687499999 30.3376940625)
591,,120.0599465,30.33856425,POINT(120.0599465 30.338564249999997)
592,,120.0596774,30.33942344,POINT(120.05967737499999 30.339423437500002)
593,,120.0598183,30.34031569,POINT(120.0598183125 30.340315687500002)
594,,120.0600698,30.34118638,POINT(120.06006982812501 30.341186375)
595,,120.060289,30.342055,POINT(120.060289 30.342055)
596,,120.0616949,30.33757203,POINT(120.0616949375 30.337572031249998)
597,,120.061056,30.337683,POINT(120.061056 30.337683)
598,,120.0765178,30.32085538,POINT(120.07651775000001 30.320855375)
599,,120.0665465,30.33508459,POINT(120.0665465 30.335084593749997)
600,,120.0673896,30.334569,POINT(120.067389625 30.334569000000002)
601,,120.0682163,30.33400819,POINT(120.06821628124999 30.3340081875)
602,,120.0689898,30.33341722,POINT(120.06898984374999 30.33341721875)
603,,120.0697476,30.33279553,POINT(120.06974762499999 30.332795527343748)
604,,120.0704571,30.33213642,POINT(120.07045712499999 30.33213641796875)
605,,120.0711364,30.33145752,POINT(120.07113637500001 30.331457515625)
606,,120.0717858,30.3307527,POINT(120.07178578906249 30.330752703125004)
607,,120.0723912,30.33001689,POINT(120.072391203125 30.330016890624997)
608,,120.0784886,30.31479009,POINT(120.0784886328125 30.314790093750002)
609,,120.0768034,30.31998631,POINT(120.076803375 30.3199863125)
610,,120.0729552,30.32926885,POINT(120.07295515625 30.3292688515625)
611,,120.0734703,30.32848545,POINT(120.0734703125 30.328485453124998)
612,,120.0739396,30.32768016,POINT(120.07393961328123 30.32768016015625)
613,,120.0743773,30.32686799,POINT(120.07437733593748 30.326867992187502)
614,,120.074761,30.3260245,POINT(120.074761 30.3260245)
615,,120.0751023,30.32518072,POINT(120.07510232812501 30.325180718749998)
616,,120.0753981,30.32431824,POINT(120.07539805078125 30.3243182421875)
617,,120.0756884,30.32345825,POINT(120.07568840624998 30.32345825)
618,,120.0759714,30.32258622,POINT(120.075971375 30.322586218749997)
619,,120.0762503,30.32171906,POINT(120.07625031250001 30.3217190625)
620,,120.0770836,30.31912625,POINT(120.07708364062502 30.319126249999997)
621,,120.0787635,30.31392341,POINT(120.07876349218749 30.31392340625)
622,,120.078973,30.31305,POINT(120.078973 30.31305)
623,,120.0773668,30.31825625,POINT(120.07736676562502 30.318256249999997)
624,,120.0776481,30.31739169,POINT(120.07764812109377 30.3173916875)
625,,120.0779314,30.31652521,POINT(120.07793136718752 30.3165252109375)
626,,120.0647449,30.33602606,POINT(120.06474493750001 30.3360260625)
627,,120.0782138,30.31565678,POINT(120.0782137734375 30.31565678125)
628,,120.065662,30.33556438,POINT(120.06566202734376 30.3355643828125)
629,,120.054259,30.33851737,POINT(120.05425900585936 30.3385173671875)
630,,120.064287,30.33635754,POINT(120.0642870390625 30.3363575390625)
631,,120.0633542,30.33675759,POINT(120.06335415625 30.33675759375)
632,,120.0623977,30.33710594,POINT(120.06239774999999 30.3371059375)
633,,120.0614152,30.33740836,POINT(120.061415203125 30.337408359374997)
634,,120.0604206,30.33766959,POINT(120.06042056249998 30.33766959375)
635,,120.0594091,30.33790347,POINT(120.0594090546875 30.33790346875)
636,,120.0583915,30.33809475,POINT(120.0583915 30.33809475)
637,,120.0573625,30.3382362,POINT(120.05736246875 30.338236203125)
638,,120.0563266,30.33834828,POINT(120.056326625 30.33834828125)
639,,120.0552981,30.33843652,POINT(120.05529805078126 30.338436515625)
640,,120.05322,30.33859822,POINT(120.0532199609375 30.33859821875)
641,,120.0521809,30.33867907,POINT(120.05218091601563 30.338679070312498)
642,,120.0511431,30.33875931,POINT(120.051143125 30.3387593125)
643,,120.0501123,30.33887355,POINT(120.05011228125 30.338873546875)
644,,120.064951,30.336063,POINT(120.064951 30.336063)
645,,120.0649396,30.33607375,POINT(120.0649395625 30.336073749999997)
646,,120.0644942,30.33637295,POINT(120.06449420312501 30.336372953125004)
647,,120.0635847,30.33680319,POINT(120.06358474999999 30.336803187500003)
648,,120.062633,30.33716875,POINT(120.062633 30.33716875)
649,,120.061705,30.33757,POINT(120.061705 30.33757)
650,,120.0719296,30.33075847,POINT(120.0719296171875 30.33075846875)
651,,120.0785963,30.31478205,POINT(120.07859626562501 30.314782046874996)
652,,120.0783167,30.31564706,POINT(120.0783166875 30.315647062500002)
653,,120.0780392,30.31651212,POINT(120.0780391796875 30.3165121171875)
654,,120.0777589,30.31738059,POINT(120.0777589375 30.31738059375)
655,,120.0774787,30.31824475,POINT(120.07747874609376 30.31824475390625)
656,,120.0771994,30.31910769,POINT(120.07719937499999 30.3191076875)
657,,120.0769173,30.31998007,POINT(120.07691726562501 30.3199800703125)
658,,120.0766376,30.32084487,POINT(120.07663760937498 30.3208448671875)
659,,120.0763601,30.3217133,POINT(120.076360109375 30.321713296875004)
660,,120.0667111,30.33510152,POINT(120.06671110937498 30.335101515625)
661,,120.0712908,30.3314682,POINT(120.07129083593749 30.331468203125002)
662,,120.0760812,30.32257991,POINT(120.0760811875 30.32257990625)
663,,120.075798,30.32344498,POINT(120.07579795312499 30.32344498046875)
664,,120.0755154,30.32430809,POINT(120.07551540625002 30.324308085937503)
665,,120.075212,30.32517219,POINT(120.0752119921875 30.3251721875)
666,,120.0748707,30.3260165,POINT(120.0748706875 30.3260165)
667,,120.0745018,30.32686223,POINT(120.07450178125 30.326862234375)
668,,120.0740703,30.32767955,POINT(120.07407029687499 30.327679546875)
669,,120.0735995,30.32847644,POINT(120.07359954687499 30.328476437499997)
670,,120.0730842,30.32926397,POINT(120.07308421874998 30.32926396875)
671,,120.0725226,30.33001742,POINT(120.07252256249998 30.330017421875002)
672,,120.0706267,30.33215578,POINT(120.07062671874999 30.33215578125)
673,,120.0658399,30.33559537,POINT(120.065839875 30.335595374999997)
674,,120.064951,30.336063,POINT(120.064951 30.336063)
675,,120.0699164,30.33281462,POINT(120.069916375 30.332814624999997)
676,,120.0691526,30.33342963,POINT(120.06915260156251 30.333429625)
677,,120.0683681,30.33401475,POINT(120.068368109375 30.33401475)
678,,120.0675592,30.33458363,POINT(120.06755924999999 30.334583625)
679,,120.0791444,30.31316614,POINT(120.07914442187499 30.313166140625)
680,,120.0788799,30.31391178,POINT(120.07887987499998 30.31391178125)
681,,120.0856424,30.1582035,POINT(120.08564243749998 30.1582035)
682,,120.0791821,30.16387434,POINT(120.0791820859375 30.1638743359375)
683,,120.1036438,30.13520923,POINT(120.10364376562501 30.135209234374997)
684,,120.1027359,30.13565156,POINT(120.10273587500001 30.135651562499998)
685,,120.057001,30.2246532,POINT(120.05700097656249 30.224653199218753)
686,,120.1018456,30.13611185,POINT(120.10184555468749 30.136111851562504)
687,,120.1009671,30.13658903,POINT(120.10096711718751 30.13658903125)
688,,120.1000917,30.13707559,POINT(120.10009172656251 30.137075593749998)
689,,120.099227,30.1375835,POINT(120.09922700000001 30.137583499999998)
690,,120.0983883,30.13810867,POINT(120.098388265625 30.138108671875003)
691,,120.0975579,30.13865406,POINT(120.097557875 30.1386540625)
692,,120.096755,30.13921823,POINT(120.09675495312499 30.139218226562498)
693,,120.0547492,30.22767512,POINT(120.05474915234376 30.227675124999998)
694,,120.0959783,30.13982025,POINT(120.09597825 30.13982025)
695,,120.0952336,30.14044981,POINT(120.0952335625 30.1404498125)
696,,120.094527,30.14111019,POINT(120.09452700000001 30.141110187499997)
697,,120.0564368,30.22540873,POINT(120.056436796875 30.2254087265625)
698,,120.0938536,30.14179378,POINT(120.093853625 30.14179378125)
699,,120.0932089,30.14249709,POINT(120.0932088828125 30.14249709375)
700,,120.0926004,30.14322625,POINT(120.0926004375 30.143226249999998)
701,,120.0920332,30.14397992,POINT(120.09203323437501 30.143979921874998)
702,,120.0915058,30.14475291,POINT(120.09150575781248 30.144752906249998)
703,,120.0910067,30.14554775,POINT(120.09100674999999 30.14554775)
704,,120.0783668,30.16443695,POINT(120.07836681249998 30.164436953124998)
705,,120.090561,30.14635319,POINT(120.090561 30.1463531875)
706,,120.0901462,30.14718064,POINT(120.09014618750001 30.147180640625002)
707,,120.0897744,30.14802059,POINT(120.0897744375 30.148020593749997)
708,,120.0894258,30.14886487,POINT(120.08942579687499 30.1488648671875)
709,,120.0558726,30.22616425,POINT(120.05587261718752 30.22616425390625)
710,,120.0890739,30.14971711,POINT(120.0890738671875 30.14971710546875)
711,,120.0887569,30.15057013,POINT(120.0887569453125 30.150570125)
712,,120.0884078,30.15141613,POINT(120.08840781250001 30.151416125)
713,,120.088055,30.1522588,POINT(120.088055046875 30.152258796875)
714,,120.087714,30.15310873,POINT(120.08771398437501 30.153108734375)
715,,120.077591,30.16503084,POINT(120.07759098437501 30.165030843750003)
716,,120.0873729,30.15395867,POINT(120.087372921875 30.153958671875)
717,,120.0870319,30.15480861,POINT(120.08703185937499 30.154808609375)
718,,120.0866908,30.15565855,POINT(120.086690796875 30.155658546875)
719,,120.0863482,30.15650713,POINT(120.0863482109375 30.156507132812504)
720,,120.0859973,30.15736084,POINT(120.08599728125 30.157360843750002)
721,,120.0553084,30.22691978,POINT(120.0553084375 30.226919781249997)
722,,120.0502429,30.23373269,POINT(120.0502429375 30.2337326875)
723,,120.049705,30.234493,POINT(120.049705 30.234493)
724,,120.0768518,30.16567072,POINT(120.07685178125 30.16567071875)
725,,120.0761485,30.16632401,POINT(120.076148546875 30.1663240078125)
726,,120.0754568,30.16700162,POINT(120.07545675 30.167001624999997)
727,,120.0747736,30.167674,POINT(120.07477359375001 30.167674)
728,,120.0740986,30.1683625,POINT(120.074098640625 30.1683625)
729,,120.0734235,30.16904249,POINT(120.07342350488281 30.1690424921875)
730,,120.0852125,30.15902172,POINT(120.08521246875002 30.159021718749997)
731,,120.072741,30.16972852,POINT(120.07274098535156 30.1697285234375)
732,,120.0720643,30.17040864,POINT(120.07206434960938 30.170408640625002)
733,,120.054188,30.22843719,POINT(120.05418804101564 30.2284371875)
734,,120.0713877,30.17108876,POINT(120.07138771386718 30.171088757812498)
735,,120.0707111,30.17176888,POINT(120.070711078125 30.171768875)
736,,120.0700286,30.17245491,POINT(120.07002855859375 30.172454906250003)
737,,120.0693519,30.17313502,POINT(120.06935192285157 30.173135023437503)
738,,120.0686753,30.17381514,POINT(120.06867528710939 30.173815140625)
739,,120.0679928,30.17450117,POINT(120.06799276757813 30.174501171875)
740,,120.0673213,30.17518325,POINT(120.06732131640626 30.175183253906248)
741,,120.0846826,30.15979347,POINT(120.08468259374999 30.159793468750003)
742,,120.0666455,30.17586986,POINT(120.06664554296876 30.17586985546875)
743,,120.0659659,30.1765501,POINT(120.06596590039064 30.176550099609372)
744,,120.0652893,30.17722672,POINT(120.06528927929688 30.177226720703125)
745,,120.053631,30.22919369,POINT(120.05363102539062 30.2291936875)
746,,120.0646058,30.17791025,POINT(120.06460575390625 30.177910246093752)
747,,120.0639291,30.17858687,POINT(120.06392913281249 30.178586867187498)
748,,120.0632456,30.17927039,POINT(120.06324560742186 30.179270392578125)
749,,120.0625747,30.17996265,POINT(120.0625747265625 30.179962648437503)
750,,120.0619165,30.18065237,POINT(120.0619165078125 30.1806523671875)
751,,120.0612786,30.18135977,POINT(120.06127857812501 30.181359765625)
752,,120.0840321,30.16049589,POINT(120.08403209375001 30.160495890624997)
753,,120.0606769,30.18209841,POINT(120.06067687499998 30.18209840625)
754,,120.0601216,30.18285705,POINT(120.0601216171875 30.1828570546875)
755,,120.0596167,30.18364116,POINT(120.05961665625 30.18364115625)
756,,120.0591444,30.18444764,POINT(120.05914439062501 30.184447640625002)
757,,120.0530699,30.22995575,POINT(120.05306991406249 30.229955750000002)
758,,120.0587312,30.18526853,POINT(120.05873115624999 30.18526853125)
759,,120.0583681,30.186117,POINT(120.0583680625 30.186117000000003)
760,,120.0580441,30.1869657,POINT(120.05804414843752 30.186965703125)
761,,120.0577705,30.18783455,POINT(120.05777053125 30.187834554687498)
762,,120.0575554,30.18871413,POINT(120.057555375 30.188714125)
763,,120.0833,30.16112855,POINT(120.08329995312499 30.161128546875002)
764,,120.0573846,30.18960061,POINT(120.057384609375 30.189600609375002)
765,,120.0572738,30.19049191,POINT(120.05727375000001 30.19049190625)
766,,120.0571973,30.19139397,POINT(120.05719725 30.19139396875)
767,767,120.057176,30.19229275,POINT(120.057176 30.19229275)
768,,120.057224,30.19319061,POINT(120.05722398437499 30.193190609375)
769,,120.0525045,30.23070783,POINT(120.0525045078125 30.230707828125)
770,,120.057308,30.19408834,POINT(120.057308 30.1940883359375)
771,,120.0574045,30.19498043,POINT(120.05740452539064 30.194980428710938)
772,,120.0575134,30.19587151,POINT(120.057513421875 30.195871507812498)
773,,120.0576231,30.19676919,POINT(120.05762312499999 30.196769187500003)
774,,120.0824933,30.161699,POINT(120.08249325 30.161699)
775,,120.0577328,30.19766687,POINT(120.05773282812498 30.1976668671875)
776,,120.0578417,30.19855795,POINT(120.05784172460937 30.19855794628906)
777,,120.0579506,30.19944903,POINT(120.05795062109374 30.19944902539062)
778,,120.0580603,30.20034671,POINT(120.05806032421876 30.20034670507812)
779,,120.05817,30.20124438,POINT(120.05817002734375 30.201244384765623)
780,,120.0582723,30.2021332,POINT(120.05827228125 30.202133203125)
781,,120.0519398,30.23145898,POINT(120.05193975 30.2314589765625)
782,,120.0583822,30.20303156,POINT(120.058382203125 30.2030315625)
783,,120.0584995,30.20391913,POINT(120.05849950000001 30.203919125)
784,,120.0586406,30.20481266,POINT(120.05864059375 30.20481265625)
785,,120.0816696,30.16224705,POINT(120.08166956640625 30.162247050781254)
786,,120.0588518,30.20569145,POINT(120.058851828125 30.205691453125002)
787,,120.0591194,30.206561,POINT(120.059119375 30.206561)
788,,120.0594548,30.20740987,POINT(120.05945478125 30.207409874999996)
789,,120.0598563,30.20824109,POINT(120.0598563125 30.20824109375)
790,,120.0602773,30.20906492,POINT(120.06027729101562 30.209064921874997)
791,,120.0607009,30.20988906,POINT(120.0607008671875 30.2098890625)
792,,120.0611214,30.21070719,POINT(120.06112135156249 30.210707187500002)
793,,120.0513726,30.23221791,POINT(120.0513725625 30.232217912109377)
794,,120.0615374,30.21153606,POINT(120.061537375 30.211536062500002)
795,,120.061871,30.21238541,POINT(120.06187096874999 30.21238540625)
796,,120.0808335,30.16278641,POINT(120.08083353125 30.16278640625)
797,,120.0621003,30.2132618,POINT(120.06210025000001 30.213261796874995)
798,,120.0622366,30.21415383,POINT(120.062236640625 30.214153828125)
799,,120.0622655,30.215055,POINT(120.0622655 30.215055)
800,,120.0622037,30.21594989,POINT(120.062203734375 30.215949890624998)
801,,120.0620295,30.21683319,POINT(120.06202953125 30.2168331875)
802,,120.0617562,30.21770361,POINT(120.06175621874999 30.217703609375)
803,,120.0613851,30.21853941,POINT(120.06138509375 30.21853940625)
804,,120.0609111,30.2193467,POINT(120.060911140625 30.219346703124998)
805,,120.0508054,30.23297685,POINT(120.05080537500001 30.232976847656246)
806,,120.0603738,30.22010809,POINT(120.06037375 30.220108093750003)
807,,120.0800047,30.16332655,POINT(120.0800047421875 30.1633265546875)
808,,120.0598169,30.22086873,POINT(120.059816875 30.220868734375003)
809,,120.0592562,30.22163069,POINT(120.059256203125 30.221630687499996)
810,,120.0586914,30.22238922,POINT(120.0586913828125 30.22238921875)
811,,120.0581275,30.22314459,POINT(120.05812753125001 30.22314459375)
812,,120.0575652,30.22389767,POINT(120.05756515625 30.223897671875005)
813,,120.062021,30.34958237,POINT(120.062021 30.349582374999997)
814,,120.0618328,30.34870507,POINT(120.06183277343752 30.34870507421875)
815,,120.0616444,30.34781649,POINT(120.0616443515625 30.347816488281246)
816,,120.0614559,30.3469279,POINT(120.0614559296875 30.34692790234375)
817,,120.061269,30.34604648,POINT(120.06126902734377 30.34604648242188)
818,,120.0610587,30.34517006,POINT(120.06105868750001 30.345170062500003)
819,,120.060841,30.344292,POINT(120.060841 30.344292)
